address
"2231 Green Ridge Drive,Richmond,Contra Costa County"
"740 Spring St.,Richmond,Contra Costa County"
"Parkway way Drive x Park Central,Richmond,Contra Costa County"
"MP: 10.75, SUB: Martinez,Richmond,Contra Costa County"
"3110 regatta Blvd,Richmond,Contra Costa County"
"Castro Ranch Road & Conestoga Street,Richmond,Contra Costa County"
"Giant Rd / Atlas Rd ,Richmond,Contra Costa County"
"MP: 16.6, SUB: Martinez,Richmond,Contra Costa County"
"Chevron Richmond Refinery - 841 Chevron Way,Richmond,Contra Costa County"
"3151 Ricada Blvd ,Richmond,Contra Costa County"
"4003 Fleming Ave,Richmond,Contra Costa County"
"Chevron Pier, ,Richmond,Contra Costa County"
"4010 Garvin,Richmond,Contra Costa County"
"780 Doran Dr, Doran Tunnel,Richmond,Contra Costa County"
"1300 Canal Blvd,Richmond,Contra Costa County"
" Intersection of Regatta Blvd. & Morena Bay Parkway,Richmond,Contra Costa County"
"Intersection of Regatta Blvd. & Morena Bay Parkway,Richmond,Contra Costa County"
"Pierson Avenue,Richmond,Contra Costa County"
"100 Chevron Way,Richmond,Contra Costa County"
"2315 Cutting Blvd,Richmond,Contra Costa County"
"2300 Cutting Blvd,Richmond,Contra Costa County"
"Regatta Way & Marina Bay Park Way,Richmond,Contra Costa County"
"841 Chevron Way,Richmond,Contra Costa County"
"600 13th Street,Richmond,Contra Costa County"
"Battery Street & Willard Avenue,Richmond,Contra Costa County"
"Potrero Ave and South 12th St,Richmond,Contra Costa County"
"Hoffmann Blvd and South 8th St,Richmond,Contra Costa County"
"4700 Hart Nett Ave,Richmond,Contra Costa County"
"Cutting Blvd and Marina Way South,Richmond,Contra Costa County"
"Meeker Ave and Marina Bay Parkway,Richmond,Contra Costa County"
"Pierson Ave and Marina Bay Parkway,Richmond,Contra Costa County"
"23rd St and Cutting Blvd,Richmond,Contra Costa County"
"Regatta Boulevard & Marina Bay Parkway,Richmond,Contra Costa County"
"Canal Boulevard & Interstate 580,Richmond,Contra Costa County"
"303 South Garrard Blvd.,Richmond,Contra Costa County"
"841 Chevron Way, Chevron Richmond Refinery,Richmond,Contra Costa County"
"Dornan Road,Richmond,Contra Costa County"
"432 South 2nd Street,Richmond,Contra Costa County"
"Marina Way South and Wright Ave,Richmond,Contra Costa County"
"Cutting Blvd and South 1st St,Richmond,Contra Costa County"
"Potrero Ave and South Eight,Richmond,Contra Costa County"
"Regatta Blvd and Marina Bay Parkway,Richmond,Contra Costa County"
"100 Cutting Blvd ,Richmond,Contra Costa County"
"South of Interstate 580, off the Richmond Bridge, just North of Point Richmond (Tank Farm),Richmond,Contra Costa County"
"841 Chevron Way ,Richmond,Contra Costa County"
"2377 Garden Tract Rd,Richmond,Contra Costa County"
"647 South 13th Street,Richmond,Contra Costa County"
"Meeker Ave at Marina Bay Parkway,Richmond,Contra Costa County"
"4700 Hartnett Ave,Richmond,Contra Costa County"
"South 23rd Street, Cutting Blvd,Richmond,Contra Costa County"
"2761 Rollingwood Drive,Richmond,Contra Costa County"
"1340 MARINA WAY SOUTH ,Richmond,Contra Costa County"
"1340 Marina Way South,Richmond,Contra Costa County"
"Marina Way South and Cutting Blvd,Richmond,Contra Costa County"
"Pearson Avenue and Marina Way south,Richmond,Contra Costa County"
"4700 Hartnet Avenue ,Richmond,Contra Costa County"
"Neeker Ave and Marina Way South,Richmond,Contra Costa County"
"Harbor Way South and Cutting Blvd,Richmond,Contra Costa County"
"23rd Street and Cutting Blvd,Richmond,Contra Costa County"
"Dornan Tunnel,Richmond,Contra Costa County"
"525 Castro Street,Richmond,Contra Costa County"
"I-580,  East of Central Ave, Mile Post 8.63 of the Martinez Sub ,Richmond,Contra Costa County"
"5533 Madison Ave.,Richmond,Contra Costa County"
"Mile Post 1189, Stockton Sub,Richmond,Contra Costa County"
"841 Chevron way ,Richmond,Contra Costa County"
"MP 13.59, Martinez Sub,Richmond,Contra Costa County"
"2300 Lancaster Dr, Bay Cliff Apartments,Richmond,Contra Costa County"
"37.942222, -122.395278,Richmond,Contra Costa County"
"Corner of Center Court and Giant Highway,Richmond,Contra Costa County"
"Richmond Refinery - 841 Chevron Way ,Richmond,Contra Costa County"
"1601 Atlas Rd,Richmond,Contra Costa County"
"525 Castro St,Richmond,Contra Costa County"
"2055 STENMARK DRIVE (POINT OF SAN PABLO),Richmond,Contra Costa County"
"LAT/ 37.96552 N // LON 122.42817W,Richmond,Contra Costa County"
"980 Hensley Street, Richmond, CA,Richmond,Contra Costa County"
"MP: 13.8 SUB: Martinez ,Richmond,Contra Costa County"
"MP 13.8 of the Martinez Sub,Richmond,Contra Costa County"
"303 South Garrard Boulevard,Richmond,Contra Costa County"
"Richmond 11 Berth ,Richmond,Contra Costa County"
"901 west Cottomn Blvd,Richmond,Contra Costa County"
"Milepost: 10.86, Subdivision: Martinez. Cross Streets: Cutting Blvd and Carlson Blvd. ,Richmond,Contra Costa County"
"IMTT Terminal, 100 CUTTING BLVD,Richmond,Contra Costa County"
"Kensignton Ave and Cypress Ave,Richmond,Contra Costa County"
"Cutting Boulevard & Carlson Boulevard,Richmond,Contra Costa County"
"901 West Cutting Boulevard,Richmond,Contra Costa County"
"980 Hensley Street,Richmond,Contra Costa County"
"200 cutting Blvd,Richmond,Contra Costa County"
"3411 Blume Drive,Richmond,Contra Costa County"
"214 Main Street (behind building),Richmond,Contra Costa County"
"22 waterline Pl (Behind Home),Richmond,Contra Costa County"
"230 W Cutting Blvd,Richmond,Contra Costa County"
"1340 Marino Way South // Slip F263,Richmond,Contra Costa County"
"841 Chevron Way, Chevron Richmond Refinery ,Richmond,Contra Costa County"
"1215 Harbour Way South,Richmond,Contra Costa County"
"ALONGSIDE A SLIP AT 1319 CANAL BLVD. ,Richmond,Contra Costa County"
"940 Hensley Street,Richmond,Contra Costa County"
"37th Street and Bissell Avenue,Richmond,Contra Costa County"
"Point Richmond Pier ,Richmond,Contra Costa County"
"MP 14.1 Martinez Subdivision,Richmond,Contra Costa County"
"MP 10.86 Martinez Subdivision // Cutting and Carlson Blvd ,Richmond,Contra Costa County"
"MP 1186.17, Stockton Subdivision,Richmond,Contra Costa County"
"Mile Post 1186.1 Stockton Sub Division,Richmond,Contra Costa County"
"Pier D 223,Richmond,Contra Costa County"
"Slip D225 Marina Bay Yacht Harbor; 1340 Marina Way South ,Richmond,Contra Costa County"
"Milepost marker #11.8 of the Martinez Subdivision,Richmond,Contra Costa County"
"3110 Regatta Blvd,Richmond,Contra Costa County"
"4306 Fran Way x Apian Way,Richmond,Contra Costa County"
"Dornan Drive and Western Drive,Richmond,Contra Costa County"
"Freeway 4 Franklin Canyon Exit ,Richmond,Contra Costa County"
"RICHMOND PIER; NEAR AN ABANDONED BUILDING,Richmond,Contra Costa County"
" 841 Chevron Way ,Richmond,Contra Costa County"
"Latitude: 37° 54' 30"" N   /   Longitude: 112° 23' 12"" W,Richmond,Contra Costa County"
"101 Windjammer Court,Richmond,Contra Costa County"
"200 S Garrard Boulevard,Richmond,Contra Costa County"
"Mile Post 14.2, Martinez Subdivision,Richmond,Contra Costa County"
"S 23rd St & Cutting Blvd,Richmond,Contra Costa County"
"4701 Hartnett Ave,Richmond,Contra Costa County"
"1401 Marina Way Suit 240,Richmond,Contra Costa County"
"Marina Way South & Cutting Boulevard,Richmond,Contra Costa County"
"23rd Street and Cutting Boulevard,Richmond,Contra Costa County"
"4701 Hartnett Avenue,Richmond,Contra Costa County"
"Between 12 Nautical mile mark and Chevron dock in Richmond,Richmond,Contra Costa County"
"1340 MARINA WAY SOUTH,Richmond,Contra Costa County"
"551 Dimm Street,Richmond,Contra Costa County"
"MP 13.59 Martinez Subdivision ,Richmond,Contra Costa County"
"303 South Garrad Blvd ,Richmond,Contra Costa County"
"2600 Spinnaker Way,Richmond,Contra Costa County"
"1601 Atlas Road,Richmond,Contra Costa County"
"1316 CANAL BLVD, (Lat 37.916667, Long -122.400000),Richmond,Contra Costa County"
"849 Chevron Way,Richmond,Contra Costa County"
"901 Nevin Ave,Richmond,Contra Costa County"
"BRICKYARD COVE,Richmond,Contra Costa County"
"5759 Ravine Way,Richmond,Contra Costa County"
"2755 Isabel Street,Richmond,Contra Costa County"
"5215 Central Ave.,Richmond,Contra Costa County"
"Cutting Blvd and Marina Way,Richmond,Contra Costa County"
"Marin Bay Pkwy at Meeker Ave,Richmond,Contra Costa County"
"D Dock, Slip D-081, 2600 Spinnaker Way,Richmond,Contra Costa County"
"1319 Canal Blvd, Richmond Graving Dock 4,Richmond,Contra Costa County"
"612 Johnson Drive,Richmond,Contra Costa County"
"MP 1191.4, Richmond Yard Sub,Richmond,Contra Costa County"
"1078 View Drive,Richmond,Contra Costa County"
"2995 Atlas Rd,Richmond,Contra Costa County"
"MP 13.32 Martinez Sub,Richmond,Contra Costa County"
"1300 Roosevelt Ave ,Richmond,Contra Costa County"
"MP 1186.1, Stockton Sub.,Richmond,Contra Costa County"
"37 55 03.81N  122 21 49.34W, North Star Marina Berth 22, Parr Canal,Richmond,Contra Costa County"
"6207 Huntington Ave ,Richmond,Contra Costa County"
"980 Hensley St,Richmond,Contra Costa County"
"Westbound 80 at Carson Blvd,Richmond,Contra Costa County"
"861 Wharf St,,Richmond,Contra Costa County"
"777 Mesa Way,Richmond,Contra Costa County"
"402 Wright Ave,Richmond,Contra Costa County"
"Radiant Ave & Parr Blvd // MP: 14.22 Martinez Subdivision,Richmond,Contra Costa County"
"South 4th Street & Cutting Boulevard,Richmond,Contra Costa County"
"LAT: 37.9206852 LONG -122.3626944,Richmond,Contra Costa County"
"Gaynor Ave ( and throughout the neighborhood) ,Richmond,Contra Costa County"
"Eastbound 580 just west of the toll plaza,Richmond,Contra Costa County"
"MP: 14.6 / SUB: MARTINEZ,Richmond,Contra Costa County"
"INTERSECTION OF 37TH AND NIVEN,Richmond,Contra Costa County"
"901 West Cutting Blvd,Richmond,Contra Costa County"
"820 38th Street,Richmond,Contra Costa County"
"SLIP 211; DOCK F; MARINA BAY YACHT HARBOR,Richmond,Contra Costa County"
"501 Duboce Ave ,Richmond,Contra Costa County"
"RICHMOND LONG WHARF,Richmond,Contra Costa County"
"Latitude: 38° 01' 48"" N Longitude: 122° 17' 24"" W,Richmond,Contra Costa County"
"WB I 80 @ Hilltop exit,Richmond,Contra Costa County"
"Martinez Sub, MP 13.4,Richmond,Contra Costa County"
"303 S. Garrard Blvd. ,Richmond,Contra Costa County"
"488 Wright Ave ,Richmond,Contra Costa County"
"156 E SCENIC AVE ,Richmond,Contra Costa County"
"601 CANAL BLVD,Richmond,Contra Costa County"
"2400 Florida Ave ,Richmond,Contra Costa County"
"1045 Hensley St,Richmond,Contra Costa County"
"3411 Blume Dr,Richmond,Contra Costa County"
"841 Richmond Way,Richmond,Contra Costa County"
"MP 10.8, Martinez Sub, Area of Cutting Blvd at Spring St,Richmond,Contra Costa County"
"MP 14.22, Martinez Sub,Richmond,Contra Costa County"
"Mile Post 1186.6,Richmond,Contra Costa County"
"1315 Monterey St. Behind this address along Baxter Creek,Richmond,Contra Costa County"
"MP 11.7 of the Martinez Sub,Richmond,Contra Costa County"
"Milepost marker #1189 of the Stockton Subdivision (Richmond Yard),Richmond,Contra Costa County"
"3754.564 N / 12222.797 W /// Latitude: 37° 54' 34"" N Longitude: 122° 22' 48"" W,Richmond,Contra Costa County"
"North Side of the Richmond Bridge,Richmond,Contra Costa County"
"100 CUTTING BLVD,Richmond,Contra Costa County"
"Richmond Refinery, Chevron: 841 Chevron Way,Richmond,Contra Costa County"
"Along the slough behind Pelican Way, Richmond Harbor Channel,Richmond,Contra Costa County"
"Latitude: 37° 53' 24"" N //  Longitude: 122° 23' 57"" W,Richmond,Contra Costa County"
"1308 Pelican Way,Richmond,Contra Costa County"
"900 Dornan Dr,Richmond,Contra Costa County"
"100 Chevron Way ,Richmond,Contra Costa County"
"Seen from pedestrian trail near San Rafael Bridge,Richmond,Contra Costa County"
"Sub: Martinez, MP: 11.9,Richmond,Contra Costa County"
"3140 Overlook Way (open field area near Hilltop Mall Road),Richmond,Contra Costa County"
"MPM 14.96 of the Martineze Sub, Lat 37.9783501 Long -122.3579725,Richmond,Contra Costa County"
"Lat/Long 37.903972, -122.319802,Richmond,Contra Costa County"
"6035 Giant Rd,Richmond,Contra Costa County"
"Seaport Ave and Carlson Blvd on the Bayview Overpass ,Richmond,Contra Costa County"
"2505 Columbia Ave,Richmond,Contra Costa County"
"Lettia Rd at Michele Dr Milemarker 17.5 Martinez Sub,Richmond,Contra Costa County"
"Milepost marker 11.4 of the Martinez Subdivision,Richmond,Contra Costa County"
"1 Parr Blvd,Richmond,Contra Costa County"
"1306 Canal Blvd,Richmond,Contra Costa County"
"Corner of Carlson Blvd. X Imperial Ave,Richmond,Contra Costa County"
"Cutting Blvd. Crossing,Richmond,Contra Costa County"
"1145 HARBOR WAY SOUTH,Richmond,Contra Costa County"
"MP 11.4 of the Martinez Sub,Richmond,Contra Costa County"
"Sub: Martinez, MP: 14.1,Richmond,Contra Costa County"
"MP #14.07; Martinez subdivision ,Richmond,Contra Costa County"
"Milepost marker 1189 of the Stockton Subdivision (Richmond Railyard),Richmond,Contra Costa County"
"1100 South 27th St,Richmond,Contra Costa County"
"2601 Hill Top Dr. Unit 332,Richmond,Contra Costa County"
"POINT SAN PABLO YACHT HARBOR/ 1900 WESTERN DRIVE,Richmond,Contra Costa County"
"SAN FRANSISCO ANCHORAGE 5; LAT: 37.54 N 122.25 W,Richmond,Contra Costa County"
"SANTA FE CHANNEL / SUGAR DOCKS,Richmond,Contra Costa County"
"841 CHEVRON WAY,Richmond,Contra Costa County"
"488 Wright Avenue,Richmond,Contra Costa County"
"Chevron Terminal #3,Richmond,Contra Costa County"
"Park Central and Parkside Dr,Richmond,Contra Costa County"
"322 44th St.,Richmond,Contra Costa County"
"1890 Parkside Drive,Richmond,Contra Costa County"
"LAT / 37.918981 LON / -122.348085,Richmond,Contra Costa County"
"Parr Railroad Crossing Milepost 14.22 in the Martinez Sub,Richmond,Contra Costa County"
"MARINA BAY YACHT HARBOR; DOCK E,Richmond,Contra Costa County"
"CUTTING BLVD / MP 10.8,Richmond,Contra Costa County"
"Subdivision: Martinez, MP: 10.75,Richmond,Contra Costa County"
"841 CEVRON WAY,Richmond,Contra Costa County"
"NORTH OF THE WEST SPAN OF RICHMOND BRIDGE,Richmond,Contra Costa County"
"4209 Jenkins Way,Richmond,Contra Costa County"
"841 Chevron Wy, Site # A0010,Richmond,Contra Costa County"
"841 Chevron,Richmond,Contra Costa County"
"841 Chevron Wy,Richmond,Contra Costa County"
"1411 Harbour Way South,Richmond,Contra Costa County"
"RICHMOND PKWY WESTBOUND AT I80,Richmond,Contra Costa County"
"POINT RICHMOND NEAR DOCK FOR OIL TANKERS,Richmond,Contra Costa County"
"MP 14.22 DOT/ 751694D,Richmond,Contra Costa County"
"303 Garrard Blvd,Richmond,Contra Costa County"
"RICHMOND MARINA BAY YACHT HARBOR,Richmond,Contra Costa County"
"Port of Richmond, Berth 20,Richmond,Contra Costa County"
"1700 Nevin Plaza, MP 12, Martinez Sub, Richmond Amtrak Station,Richmond,Contra Costa County"
"Levin Richmond Terminal, Richmond 20,Richmond,Contra Costa County"
"Milepost marker #12,Richmond,Contra Costa County"
"2301 Columbia Blvd,Richmond,Contra Costa County"
"281 Chevron Way,Richmond,Contra Costa County"
"Latitude: 37° 54' 19"" N // Longitude: 122° 23' 32"" W,Richmond,Contra Costa County"
"Richmond Terminal #22, 488 Wright Ave,Richmond,Contra Costa County"
"1601Atlis Road,Richmond,Contra Costa County"
"Milepost: 12.4 at Martinez Sub.,Richmond,Contra Costa County"
"Point Richmond,Richmond,Contra Costa County"
"838 29th St,Richmond,Contra Costa County"
"2830 Garvin Ave,Richmond,Contra Costa County"
"Richmond Parkway / San Pablo Avenue,Richmond,Contra Costa County"
"Lakeside Dr and Richmond Pkwy,Richmond,Contra Costa County"
"23rd street and cutting Boulevard,Richmond,Contra Costa County"
"1211 Wright Avenue,Richmond,Contra Costa County"
"Interstate 580 & Canal Boulevard,Richmond,Contra Costa County"
"2377 Tract Road,Richmond,Contra Costa County"
"West Chanslor Ave & Curry Ave,Richmond,Contra Costa County"
"1900 Meeker Avenue,Richmond,Contra Costa County"
"36th St & Wall Ave,Richmond,Contra Costa County"
"Cutting Blvd & Marina Way South,Richmond,Contra Costa County"
"A Street & Ripley Avenue,Richmond,Contra Costa County"
"Marina Bay Parkway & Pierson Avenue,Richmond,Contra Costa County"
"Battery & Willard ave,Richmond,Contra Costa County"
"Ells Street & Parkview Place,Richmond,Contra Costa County"
"23rd Street & Cutting Blvd,Richmond,Contra Costa County"
"4701 Hartett Avenue,Richmond,Contra Costa County"
"5400 Hartnett Ave,Richmond,Contra Costa County"
"23rd St. and Cutting BLVD,Richmond,Contra Costa County"
"530 W Cutting Blvd,Richmond,Contra Costa County"
"841 Chevron Way, Richmond Long Wharf,Richmond,Contra Costa County"
"Road crossing DOT #029854C, milepost marker 1187.19 of the Stockton Subdivision (Brookside Drive),Richmond,Contra Costa County"
"MP 13.03, Martines Sub Division,Richmond,Contra Costa County"
"Latitude: 37° 54' 45"" N  /  Longitude: 122° 21' 00"" W  ( MARINA BAY YACHT  HARBOR ),Richmond,Contra Costa County"
"West Ohio Ave, Canal Blvd,Richmond,Contra Costa County"
"Lat  37.902113 Long: 122.297997 / Corner of  Richmond St. Fairmount Ave,El Cerrito(1),Contra Costa County"
"Marina Bay Yatch Harbor Dock E,Richmond,Contra Costa County"
"MP 13.59 Martinez Sub,Richmond,Contra Costa County"
"Milepost marker 11.75 of the Martinez Subdivision,Richmond,Contra Costa County"
"Brooks Island Jetty,Richmond,Contra Costa County"
"600 South 4th Street,Richmond,Contra Costa County"
"Richmond Yard, Stockton Sub , MP1189, 303 Garrard Blvd,Richmond,Contra Costa County"
"Milepost marker 13.3 of the Martinez Subdivision (road crossing DOT #751691H),Richmond,Contra Costa County"
" 16th St, MP 12 of the Matinez Sub.,Richmond,Contra Costa County"
"841 Chevron Way Richmond ,Richmond,Contra Costa County"
"653 McLaughlin Ave,Richmond,Contra Costa County"
"801 4Th Street,Richmond,Contra Costa County"
"Milepost marker #1191.2 of the Stockton Subdivision,Richmond,Contra Costa County"
"530 W Cutting Blvd, KKMI Boat Yard,Richmond,Contra Costa County"
"MPM 9.95 on the Martinez Sub, Carlson Blvd.,Richmond,Contra Costa County"
"Western Drive x Cliffside Ct. - 500 Feet west of the cross streets.,Richmond,Contra Costa County"
"MP 10 Martinez Sub,Richmond,Contra Costa County"
"454 Dimm St,Richmond,Contra Costa County"
"1340 Marina Way S,Richmond,Contra Costa County"
"1314 Canal Blvd.,Richmond,Contra Costa County"
"Richmond Railyard, MP 1189 Stockton Sub,Richmond,Contra Costa County"
"Latitude: 37° 54' 17"" N   /   Longitude: 122° 21' 54"" W,Richmond,Contra Costa County"
"1414 Harbor Way S,Richmond,Contra Costa County"
"Latitude: 37° 54' 37"", Longitude: 122° 22' 47"",Point Richmond,Contra Costa County"
"134 S. 9th St.,Richmond,Contra Costa County"
"7th St & Chanhellor,Richmond,Contra Costa County"
"37 58 00 N 122 25 00 W,Richmond,Contra Costa County"
"Keller BEach Pier,Point Richmond,Contra Costa County"
"Milepost marker 11.25 of the Martinez Subdivision,Richmond,Contra Costa County"
"100 Cutting Blvd, Richmond Inner Harbor,Richmond,Contra Costa County"
"San Francisco Bay; Richmond Harbor; Parr Canal,Richmond,Contra Costa County"
"SAN FRANCISCO BAY; RICHMOND HARBOR; PARR CANAL,Richmond,Contra Costa County"
"MP 12.7 of the Martinez Sub,Richmond,Contra Costa County"
"600 S 4th St,Richmond,Contra Costa County"
"1145 Harbor Way South,Richmond,Contra Costa County"
"1140 Canal Boulevard,Richmond,Contra Costa County"
"MP 13.5 Martinez Sub,Richmond,Contra Costa County"
"MPM 11.75 on the Martinez Sub,Richmond,Contra Costa County"
"Lat: 37° 54' 29"" N | Long: 122° 23' 34"" W,Richmond,Contra Costa County"
"intersection of San Pablo Avenue and Garvin Avenue,Richmond,Contra Costa County"
"525 CASTRO ST   ,Richmond,Contra Costa County"
"141 Chevron Way,Richmond,Contra Costa County"
"5333 Gately Ave,Richmond,Contra Costa County"
"980 Hensley St.,Richmond,Contra Costa County"
"Marina Bay Pkwy at Regetta Blvd,Richmond,Contra Costa County"
"4028 Lambert Rd,Richmond,Contra Costa County"
"700 Barrett Ave,Richmond,Contra Costa County"
"1140 Canal Blvd, Kinder Morgan,Richmond,Contra Costa County"
"1921 San Joaquin Street ,Richmond,Contra Costa County"
"MM 14.07 of the Martinez Sub,Richmond,Contra Costa County"
"BERTH 7, PORT OF RICHMOND,Richmond,Contra Costa County"
"665 South 31st Street,Richmond,Contra Costa County"
"44th St at MacDonald Ave,Richmond,Contra Costa County"
"2360 Garbin Avenue,Richmond,Contra Costa County"
"Richmond Railyard, milepost marker 1189.3,Richmond,Contra Costa County"
"4301 Lakeside Dr, Construction Site,Richmond,Contra Costa County"
"1300 Block Pelican Way,Richmond,Contra Costa County"
"520 Castro Street,Richmond,Contra Costa County"
"1900 ESPLANDE DR, RICHMOND MARINA BOAT RAMP, NEAR SALUTE E VITA RESTAURANT,Richmond,Contra Costa County"
"4300 Cutting Blvd,Richmond,Contra Costa County"
"200 Cutting Blvd,Richmond,Contra Costa County"
"1015 Market Ave,Richmond,Contra Costa County"
"506 Tremont Ave,Richmond,Contra Costa County"
"488 Wright Ave. ,Richmond,Contra Costa County"
"East HWY 580, east of Richmond/ San Rafael Toll Plaza,Richmond,Contra Costa County"
"2709 Barnard Street,Richmond,Contra Costa County"
"Parr Blvd , MP14.22 at Matinez subdivision,Richmond,Contra Costa County"
"4480 Bell Ave,Richmond,Contra Costa County"
"841 Chevron Way.,Richmond,Contra Costa County"
"4949 Cypress Ave,Richmond,Contra Costa County"
"3400 Richmond Parkway,Richmond,Contra Costa County"
"Parr Blvd, MP Martinez Subdivision 14.2,Richmond,Contra Costa County"
"MP 10.86, subdivision Martinez,Richmond,Contra Costa County"
"WB I-80 JEO Central Ave,Richmond,Contra Costa County"
"520 Castro St,Richmond,Contra Costa County"
"MP 13.3 Martinez Sub,Richmond,Contra Costa County"
"5310 Fallon Ave. and Campbell,Richmond,Contra Costa County"
"Cutting Blvd at Carlson Blvd, MP 10.86, Martinez Sub Division,Richmond,Contra Costa County"
"1 West Santa Fe Ave, Richmond Yard, Stockton Subdivision, MP1189.0, Track 9129,Pittsburg,Contra Costa County"
"Close to 1095 Parkside Dr,Richmond,Contra Costa County"
"1340 marina Way South,Richmond,Contra Costa County"
"209 Parr Blvd,Richmond,Contra Costa County"
"Richmond Channel, Pier RCH 12,Richmond,Contra Costa County"
"Near John F. McCarthy Bridge,Richmond,Contra Costa County"
"36th St and Wall Ave,Richmond,Contra Costa County"
"4700 Hartnette Ave,Richmond,Contra Costa County"
"Intersection of Rheem Ave & 13th St,Richmond,Contra Costa County"
"NP: 14.07 of the Martinez Sub, Brookside Drive & Giants Road,Richmond,Contra Costa County"
"Residential Area from S. 22nd St to S. 23rd St.,Richmond,Contra Costa County"
"980 Hensley (parking lot near front gate),Richmond,Contra Costa County"
"BNSF Diesel Service Facility, MP 1189,Richmond,Contra Costa County"
"MP 12 Sub Martinez, Richmond AMTRAK Depot.,Richmond,Contra Costa County"
"13th St.  Rheem Ave,Richmond,Contra Costa County"
"23rd Street & Cutting Boulevard,Richmond,Contra Costa County"
"Hartnett Ave x Carlson Ave,Richmond,Contra Costa County"
"3rd Avenue & Pennsylvania Avenue,Richmond,Contra Costa County"
"36th St x Wall Ave,Richmond,Contra Costa County"
"13th St x Costa St,Richmond,Contra Costa County"
"SF Bay Trail, Point Isabel Regional Park,Richmond,Contra Costa County"
"3rd St. and Pensylvenia Ave.,Richmond,Contra Costa County"
"South 23rd St & Cutting Blvd,Richmond,Contra Costa County"
"36 TH St. and Wall Ave.,Richmond,Contra Costa County"
"13th St. and Dunn Ave,Richmond,Contra Costa County"
"441 Western Dr.,Richmond,Contra Costa County"
"13th St. x Wright Ave.,Richmond,Contra Costa County"
"Boat Ramp Road X Cutting Blvd,Richmond,Contra Costa County"
"Marina Bay Pkwy and Meeker Ave,Richmond,Contra Costa County"
"3rd and 301 Pennsylvania,Richmond,Contra Costa County"
"1308 Pelican way,Richmond,Contra Costa County"
"UPRR Martinez Subdivision, MP 14.22, Main Track 2, DOT Crossing 751694D,Richmond,Contra Costa County"
"800 Wright Ave. ,Richmond,Contra Costa County"
"2913 Alta Mira Dr.,Richmond,Contra Costa County"
"Isabel Road & Central Avenue,Richmond,Contra Costa County"
"Costa Street x 13th Street,Richmond,Contra Costa County"
"UPRR Martinez Subdivision, MP 10.86, Track 1, DOT Crossing 754678U,Richmond,Contra Costa County"
"861 Wharf,Richmond,Contra Costa County"
"2377 Garden Tract Rd.,Richmond,Contra Costa County"
"4700 Hartnett Ave. ,Richmond,Contra Costa County"
"2300 Cutting Blvd, Cutting and South 23rd,Richmond,Contra Costa County"
"3601 Wall Ave intersection S. 36th St.,Richmond,Contra Costa County"
"684 3rd St. intersection of Pennsylvania,Richmond,Contra Costa County"
"MP 1187.19 Stockton Subdivision,Richmond,Contra Costa County"
"Costa Ave and 13th St, 1144 13th St.,Richmond,Contra Costa County"
"INTERSECTION OF CENTRAL ST & RYDIN ST; AT THE POINT ISABEL DOG PARK,Richmond,Contra Costa County"
"3rd and Pennsylvania 305 Pennsylvania Ave,Richmond,Contra Costa County"
"1320 Rheem Avenue,Richmond,Contra Costa County"
"4700 Hartnett Ave ,Richmond,Contra Costa County"
"3600 Wall Avenue,Richmond,Contra Costa County"
"2301 Cutting Boulevard,Richmond,Contra Costa County"
"1300 Canal Blvd.,Richmond,Contra Costa County"
"MP 14.1 of the Martinez Sub,Richmond,Contra Costa County"
"3411 Blume Dr.,Richmond,Contra Costa County"
"1601 Atlas Road, Stockton Subdivision, UPS north Bay Ramp, MP1184.85,Richmond,Contra Costa County"
"400 W. Gertrude Ave,Richmond,Contra Costa County"
"Marina way S. at Pierson Ave.,Richmond,Contra Costa County"
"Carlson Blvd Hartnett Ave,Richmond,Contra Costa County"
"3rd St and Pensulvania Ave,Richmond,Contra Costa County"
"13th and Costa,Richmond,Contra Costa County"
"37th St and Wall Ave,Richmond,Contra Costa County"
"South 23rd and Cutting Blvd,Richmond,Contra Costa County"
"2755 Isabelle St,Richmond,Contra Costa County"
"Hoffman Marsh,Richmond,Contra Costa County"
"Near 800 Whars St.,Richmond,Contra Costa County"
"Outside Marina Bay Yacht Club,Richmond,Contra Costa County"
"Milepost marker 15 of the Martinez subdivision,Richmond,Contra Costa County"
"418 S. 35th St,Richmond,Contra Costa County"
"1340 Marina Way South, D- Dock, Slip  109,Richmond,Contra Costa County"
"Milepost marker 14.3 of the Martinez subdivision,Richmond,Contra Costa County"
"Cutting Blvd and Carlson Blvd,Richmond,Contra Costa County"
"Chevron Long Wharf Terminal, 37° 55' 16"" N, 122° 24' 35"" W,Richmond,Contra Costa County"
"Phillips 66 Fuel Dock - 1300 Canal Blvd.,Richmond,Contra Costa County"
"1370 Marin Ave,Richmond,Contra Costa County"
"700 West Cutting Blvd., San Pablo Yacht Club,Richmond,Contra Costa County"
"700 Julia Wood St,Richmond,Contra Costa County"
"near 1214 Parkway Ave,Richmond,Contra Costa County"
"3900 Lakeside Drive,Richmond,Contra Costa County"
"512 West Ohio Avenue,Richmond,Contra Costa County"
"105 Brookside Drive,Richmond,Contra Costa County"
"MP 14.07 on Martinez Sub @ Brookside Drive Crossing,Richmond,Contra Costa County"
"MP 10.8 Martinez Sub,Richmond,Contra Costa County"
"Macdonald Ave. x San Pablo Ave,Richmond,Contra Costa County"
"NEAR BRICKYARD COVE MARINA,Richmond,Contra Costa County"
"1314 CANAL BLVD,Richmond,Contra Costa County"
"3435 Regatta Blvd.,Richmond,Contra Costa County"
"841 Chevron way,Richmond,Contra Costa County"
"Richmond Chevron Refinery, 841 Chevron Way,Richmond,Contra Costa County"
"Brickyard Cove Road x Dornan Drive,Richmond,Contra Costa County"
"Chesley Ave. and 7th Street.,Richmond,Contra Costa County"
"Market Ave Crossing,Richmond,Contra Costa County"
"2131 McDonald Street ,Richmond,Contra Costa County"
"38 Washington Street,Richmond,Contra Costa County"
"1306 Canal BLVD,Richmond,Contra Costa County"
"1140 Canal Blvd,Richmond,Contra Costa County"
"I-580, East end of the bridge,Richmond,Contra Costa County"
"Tank Field, 841 Chevron Way, Chevron Richmond Refinery,Richmond,Contra Costa County"
"MPM 14.1 of the Martinez Sub, Brookside Dr Crossing,Richmond,Contra Costa County"
"841 Chevron Way, TKC HydroProcessing Plant,Richmond,Contra Costa County"
"EB 580 at the 23rd or Marina Bay Parkway Onramp,Richmond,Contra Costa County"
"901 West Cutting Blvd.,Richmond,Contra Costa County"
"337 44th St.,Richmond,Contra Costa County"
"3rd St x Macdonald Ave,Richmond,Contra Costa County"
"13th St and Dunn Ave,Richmond,Contra Costa County"
"36st And Wall Ave,Richmond,Contra Costa County"
"3rd Street and Pennsylvania Ave,Richmond,Contra Costa County"
"33rd and Leona Ave,Richmond,Contra Costa County"
"1300 Costa Ave,Richmond,Contra Costa County"
"608 South 49th St,Richmond,Contra Costa County"
"3rd St x Pennsylvania Ave,Richmond,Contra Costa County"
"36th Street and Wall Avenue,Richmond,Contra Costa County"
"3300 Leona Avenue,Richmond,Contra Costa County"
"13th St x Rheem St,Richmond,Contra Costa County"
"MP 1170.6 of the Stockton Subdivision,Richmond,Contra Costa County"
"37 54.7 N | 122 25.0 W, ,Richmond,Contra Costa County"
"5709 Bay View Ave,Richmond,Contra Costa County"
"5814 Sutter Ave,Richmond,Contra Costa County"
"Nevin Ave at A St,Richmond,Contra Costa County"
"4700 Hartnet Ave,Richmond,Contra Costa County"
"SOUTH 23RD STREET AND CUTTING BLVD,Richmond,Contra Costa County"
"36th Street and Wall Ave,Richmond,Contra Costa County"
"33rd Street and Leona Ave,Richmond,Contra Costa County"
"3rd Street and Pennsylvania Ave ,Richmond,Contra Costa County"
"13th Street and Dunn Ave ,Richmond,Contra Costa County"
"5831 Alpine Rd,Richmond,Contra Costa County"
"810 Wright Ave ,Richmond,Contra Costa County"
"Near Bay Marine,Richmond,Contra Costa County"
"EB 580 at Canal Blvd,Richmond,Contra Costa County"
"EB I-580 & Richmond Parkway (Harbor Way),Richmond,Contra Costa County"
"MP 8.62 Martinez Sub,Richmond,Contra Costa County"
"Marina Bay & Regatta,Richmond,Contra Costa County"
"731 West Cutting Blvd.,Richmond,Contra Costa County"
"1340 Marina Way South, Boat Slip: E348,Richmond,Contra Costa County"
"798 Juliga Woods,Richmond,Contra Costa County"
"1340 Marina Wy South,Richmond,Contra Costa County"
"WB HWY 80 just East of Central Mile Post .101,Richmond,Contra Costa County"
"Channel Marina on Cutting Blvd,Richmond,Contra Costa County"
"MPM 10.5 on the Martinez Sub Div// Nearest cross streets are South 47Th and Carlson Blvd.,Richmond,Contra Costa County"
"1319 D Canal Blvd.,Richmond,Contra Costa County"
"940 Hensley St,Richmond,Contra Costa County"
"34th St at Erlandson St, Golden Gate Fuel Station,Richmond,Contra Costa County"
"800 WHARF ST,Richmond,Contra Costa County"
"Atlas Rd and Oakmont Rd, closest address: 1801 Atlas Rd,Richmond,Contra Costa County"
"1905 Tulare Ave,Richmond,Contra Costa County"
"Port of Richmond 1317 Canal Blvd. Pier 3,Richmond,Contra Costa County"
"814 Chevron way.,Richmond,Contra Costa County"
"3200 Regatta Blvd,Richmond,Contra Costa County"
"Richmond-San Rafael Bridge (Interstate 580 Eastbound,Richmond,Contra Costa County"
"IMTT-fuel dock,Richmond,Contra Costa County"
"Heading to Chevron Pier, San Francisco Bay, Towards San Raffel Bridge,Richmond,Contra Costa County"
"1 Parr Blvd, San Pablo Bay, Back/North side of the land fill,Richmond,Contra Costa County"
"MP 13.59 at the Martinez Sub,Richmond,Contra Costa County"
"RR crossing at Carlson Blvd & Cutting Blvd ,Richmond,Contra Costa County"
"Between the Richmond pump station and Avon Pump station  on the Bay Area product line a 20 mile area,Unincorporated county area Contra Costa,Contra Costa County"
"270 West Cutting Blvd.,Richmond,Contra Costa County"
"Central Ave overpass west of Jacuzzi street,Richmond,Contra Costa County"
"Oxford Ave,Richmond,Contra Costa County"
"Richmond Mile Post 14.3,Richmond,Contra Costa County"
"3411 Blum Dr,Richmond,Contra Costa County"
"EB I- 580,Richmond,Contra Costa County"
"East Bound 580, Just West of the Toll Plaza,Richmond,Contra Costa County"
"Brookside Dr and Giant Road in Martinez sub division at mile post 14.315-7356,Richmond,Contra Costa County"
" 23rd Street at Barrett Ave,Richmond,Contra Costa County"
"Amador Street / Flannel Street ,Richmond,Contra Costa County"
"825 8th st,Richmond,Contra Costa County"
"580 East Bound, Exit 7,Richmond,Contra Costa County"
"Latitude: 37° 54' 29"" N, Longitude: 122° 23' 12"" W, END OF DORNAN DR., POINT RICHMOND/RICHMOND 1,Richmond,Contra Costa County"
"EB 80 JWO El Portal,Richmond,Contra Costa County"
"Pt. Isabel Waste Water Treatment Plant @ 2755 Isabel St.,Richmond,Contra Costa County"
"LEVIN TERMINAL,Richmond,Contra Costa County"
"500 Block of West Cutting Blvd. cross street: Hoffman,Richmond,Contra Costa County"
"1095 Parkside Drive,Richmond,Contra Costa County"
"Latitude: 37° 57' 14"" N, Longitude: 122° 26' 56"" W,Richmond,Contra Costa County"
"Keller Beach,Richmond,Contra Costa County"
"BAYMARINE BOATWORKS ,Richmond,Contra Costa County"
"Point Pinole / San Pablo Bay,Richmond,Contra Costa County"
"3411 Bloom Dr,Richmond,Contra Costa County"
"MP 10.8 on the Martinez Sub - Cutting Blvd @ Carlson Blvd,Richmond,Contra Costa County"
"841 Chevron Way @ Richmond Long Wharf,Richmond,Contra Costa County"
"Hill View Dr near Hilltop Dr,Richmond,Contra Costa County"
"Sugar Dock 800 Wharf St, House boat docked at the southern most slip at the dock near the R/V Kaisei,Point Richmond,Contra Costa County"
"Castro St at Richmond Parkway,Richmond,Contra Costa County"
"CASTRO STREET AT RICHMOND PARKWAY,Richmond,Contra Costa County"
"Milepost 12.4 of the Martinez Subdivision in Richmond,Richmond,Contra Costa County"
"MP 13.59 on the Martinez subdivision,Richmond,Contra Costa County"
"San Pablo Bay (Off the 580 Bridge),Richmond,Contra Costa County"
"EB I 80 x Richmond Parkway Exit,Richmond,Contra Costa County"
"Westbound I-580 at Canal Blvd.,Richmond,Contra Costa County"
"Mile Post 14.6 of the Martinez subdivision,Richmond,Contra Costa County"
"SAN PABLO CREEK,Richmond,Contra Costa County"
"789 18TH ST,Richmond,Contra Costa County"
"303 South Garrard Blvd,Richmond,Contra Costa County"
"Hilltop Rd. just north of I80,Richmond,Contra Costa County"
" 1140 Canal Blvd, Kinder Morgan, MP 1191.11 Stockton Sub,Richmond,Contra Costa County"
"3/4 of mile north of Chevron refinery, between point Richmond and San Quentin,Richmond,Contra Costa County"
"North of Point Molate, East of Brother Light House,Richmond,Contra Costa County"
"8410 Chevron Way,Richmond,Contra Costa County"
"Terminal #2,Richmond,Contra Costa County"
"2300 Aberdeen Wy,Richmond,Contra Costa County"
"100 Hall Ave, Slip F199,Richmond,Contra Costa County"
"1317 Canal Blvd, Basin #3,Richmond,Contra Costa County"
"Point Potrero Marina,Richmond,Contra Costa County"
"Kinder Morgan Richmond Terminal,  1140 Canal Blvd,Richmond,Contra Costa County"
"488 Wright Ave, Terminal 22,Richmond,Contra Costa County"
"MP 12.7 on the Martinez Sub, near 13th Street and Esmond Avenue,Richmond,Contra Costa County"
"MPM 13 Martinez Sub Div,Richmond,Contra Costa County"
"MP 1188.5 of the Stockton sub,Richmond,Contra Costa County"
"Channel St at Isomax St, North Yard, ,Richmond,Contra Costa County"
"MP 1184.5 Stockton Sub,Richmond,Contra Costa County"
"Richmond Rail Yard,Richmond,Contra Costa County"
"33rd St and Leona Ave,Richmond,Contra Costa County"
"Nevin Ave and A St.,Richmond,Contra Costa County"
"35th Street and Wall Ave,Richmond,Contra Costa County"
"South 23rd Street and Cutting Blvd,Richmond,Contra Costa County"
"Harbour Way and Wright Ave,Richmond,Contra Costa County"
"2118 Carlson Blvd,Richmond,Contra Costa County"
"1140 Canal Avenue,Richmond,Contra Costa County"
"1921 San Joaquin St,Richmond,Contra Costa County"
"Point San Pablo,Richmond,Contra Costa County"
"Unknown Sheen Incident, Richmond Inner Harbor,Richmond,Contra Costa County"
"3500 Bissell Avenue,Richmond,Contra Costa County"
"2000 Hoffman Blvd,Richmond,Contra Costa County"
"EB 80 on the Central Off Ramp,Richmond,Contra Costa County"
"631 18th St,Richmond,Contra Costa County"
"800 Nevin Ave.,Richmond,Contra Costa County"
"4400 Macdonald Ave.,Richmond,Contra Costa County"
"Near Point Pinola Regional Park: Lat 37 59' 50"" N  Long  122 22' 34"" W ,Richmond,Contra Costa County"
"13th Street x Pennsylvania Ave,Richmond,Contra Costa County"
"501 Canal BLvd cross of West Cutting Blvd,Richmond,Contra Costa County"
"3201 Leona Ave (Lavonya Dejean),Richmond,Contra Costa County"
"1314 Canal Blvd, Richmond 3 Dock,Richmond,Contra Costa County"
"915 Eight St.,Richmond,Contra Costa County"
"901 Nevin Ave.,Richmond,Contra Costa County"
"Marina Bay Dock Harbor,Richmond,Contra Costa County"
"1340 Marina Way South, Slips E-370A/E-359, Marina Bay Yacht Harbor,Richmond,Contra Costa County"
"1921 San Joaquin Street,Richmond,Contra Costa County"
"32 Chesley Ave,Richmond,Contra Costa County"
"Pittsburgh Ave at Central Ave,Richmond,Contra Costa County"
"4th Street at Silver Street,Richmond,Contra Costa County"
"Latitude: 37° 54' 45"" N Longitude: 122° 21' 00"" W,   250  SLIP DOCK.  175 VESSELS. 6 ACRE DOCK.  MARINA 0.5 SQ MILES @ 2600 Spinnaker Way,Richmond,Contra Costa County"
"Slip F-104, F-Dock, Marina Bay Yacht Harbor,  1340 Marina Way South,Richmond,Contra Costa County"
"MP 13.5 of the Martinez Sub,Richmond,Contra Costa County"
"321 Tunnel Ave,Richmond,Contra Costa County"
"Richmond Long Wharf,Richmond,Contra Costa County"
"731 W Cutting Blvd,Richmond,Contra Costa County"
"700 W. Cutting Blvd., ""Ricmond"",Richmond,Contra Costa County"
"Martinez Subdivision, MP 8.64,Richmond,Contra Costa County"
"4801 Central Avenue, Costco,Richmond,Contra Costa County"
"21 Lighthouse Ln,Richmond,Contra Costa County"
"Richmond Inner Harbor, Near Pier 2,Richmond,Contra Costa County"
"1316 Canal Blvd.,Richmond,Contra Costa County"
"20 Light House Lane,Richmond,Contra Costa County"
"2 Miles SE of 5755 McBryde Ave, Belgum Trail,Richmond,Contra Costa County"
"Berth 8 (Car carrier terminal),Richmond,Contra Costa County"
"2785 Goodrick Ave,Richmond,Contra Costa County"
"2658 Mira Vista Drive,Richmond,Contra Costa County"
"Chevron Refinery Richmond - 841 Chevron Way,Richmond,Contra Costa County"
"Onramp and Offramp at Carlslon Blvd to Eastbound Interstate 80. Some buildings near the accident site were evacuated.,Richmond,Contra Costa County"
"1740  Giaramata St,Richmond,Contra Costa County"
"801 Griffin Street,Richmond,Contra Costa County"
"Foods Co. - 1250 McDonald,Richmond,Contra Costa County"
"End of Wharf St at Canal St,Richmond,Contra Costa County"
"Point Richmond, Richmond Inner Harbor,Richmond,Contra Costa County"
"230 W Cutting Blvd Richmond,Richmond,Contra Costa County"
"Pier Dock Number - RCH RLW 1,Richmond,Contra Costa County"
"332 South 41st Street,Richmond,Contra Costa County"
"Ryden Road,Richmond,Contra Costa County"
"842 Amador Ave,Richmond,Contra Costa County"
"1501 Rheem Ave,Richmond,Contra Costa County"
"Pier E E Dock-E235 at 1340 Marina Way South,Richmond,Contra Costa County"
"Mile marker 10.25 of the Martinez subdivision.,Richmond,Contra Costa County"
"100 Cutting Blvd,Richmond,Contra Costa County"
"Number 6 and 13th St,Richmond,Contra Costa County"
"100 Cutting Blvd, Santa Fe Channel, near the address location [county incorrectly listed as Sonoma on NRC report],Richmond,Contra Costa County"
"Rydin Rd. & Central Ave.,Richmond,Contra Costa County"
"Marina Yacht Harbor,  1340 Marina Way South,Richmond,Contra Costa County"
"2755 Isabel St,Richmond,Contra Costa County"
"846 Harbor Wy South,Richmond,Contra Costa County"
"1301 Dunn Ave,Richmond,Contra Costa County"
"2301 Cutting Blvd,Richmond,Contra Costa County"
"3201 Leona Ave,Richmond,Contra Costa County"
"300 west Chanslor,Richmond,Contra Costa County"
"3501 Wall Ave,Richmond,Contra Costa County"
"1900 Meeker Ave,Richmond,Contra Costa County"
"Butte and Burlingame,Richmond,Contra Costa County"
"131 South 2nd St,Richmond,Contra Costa County"
"441 Santa Fe Ave,Richmond,Contra Costa County"
"441 Santa Fe Avenue,Richmond,Contra Costa County"
"Richmond Marina,Richmond,Contra Costa County"
"805 Marina Bay Parkway,Richmond,Contra Costa County"
"2755 Isabel St (Point Isabel Wet Weather Facility),Richmond,Contra Costa County"
"Point Isabel, 2755 Isabel St.,Richmond,Contra Costa County"
"860 Harbour Way South,Richmond,Contra Costa County"
"F Dock at 351 Brickyard Cove. Rd., Point Richmond,Unincorporated county area,Contra Costa County"
"MP 13.3, Track #1, Chesley Ave at Rumrill Blvd,Richmond,Contra Costa County"
"Chesley Ave Crossing MPM 13.3,Richmond,Contra Costa County"
"911 Chevron Way / Near wharf area, salt water station,Richmond,Contra Costa County"
"2280 Key Blvd,Richmond,Contra Costa County"
"2755 Isabel St.,Richmond,Contra Costa County"
"303 Garrard St,Richmond,Contra Costa County"
"Bayview Rd. at 580,Richmond,Contra Costa County"
"801 Chevron Way,Richmond,Contra Costa County"
"23rd Street and Foothill Ave,Richmond,Contra Costa County"
"just south of the Richmond Bridge on the east shore.,Richmond,Contra Costa County"
"402 Wright Ave DOT ID # 931747X,Richmond,Contra Costa County"
"Slips B81-B85, B-Dock Marina Bay Yacht Harbor,Richmond,Contra Costa County"
"Intersection of Humboldt St and Garvin Ave,Richmond,Contra Costa County"
"the break occurred about 100 feet from the intersection of Sandpiper Spit Court at Brickyard Cove Road,Richmond,Contra Costa County"
"1100 Hensley Street,Richmond,Contra Costa County"
"911 Chevron Way,Richmond,Contra Costa County"
"36 17th St,Richmond,Contra Costa County"
"1340 Marina Wy S, Slips F263-273,Richmond,Contra Costa County"
"1416 Sand piper Spit,Richmond,Contra Costa County"
"Richmond Refinery Long Wharf at 841 Chevron Way,Richmond,Contra Costa County"
"The Long Wharf for 841 Chevron Way,Richmond,Contra Costa County"
"841 Chevron Way (Chevron Refinery),Richmond,Contra Costa County"
"2656 Mira Vista Dr,East Richmond Heights,Contra Costa County"
"Richmond-San Rafael Bridge Crossing,Richmond,Contra Costa County"
"2658 Mira Vista x Hazel Ave,Richmond,Contra Costa County"
"Chevron Oil Refinery,Richmond,Contra Costa County"
"1314 Canal Blvd,Richmond,Contra Costa County"
"Richmond Berth 3, 1314 Canal Blvd,Richmond,Contra Costa County"
"Berth 22, Port of Richmond,Richmond,Contra Costa County"
"1316 Canal Blvd,Richmond,Contra Costa County"
"Point Isabel - 2755 Isabel Street,Richmond,Contra Costa County"
"Chevron Richmond Refinery - Gertrude Street,Richmond,Contra Costa County"
"Point Isabel Wet Weather Facility,  2755 Isabel Street,Richmond,Contra Costa County"
"2535 Andrade Ave,Richmond,Contra Costa County"
"1300 Dunn Ave.,Richmond,Contra Costa County"
"300 Pennsylvania,Richmond,Contra Costa County"
"3600 Cutting Blvd,Richmond,Contra Costa County"
"2400 Maine Ave. nearest cross street is S. 24th St.,Richmond,Contra Costa County"
"2755 Isabel Street, Point Isabel Wet Weather Facility,Richmond,Contra Costa County"
"Kinder Morgan Richmond Terminal 1140 Canal Blvd. ,Richmond,Contra Costa County"
"MM13.34 of the Martinez Subdivision, nearest cross street is  Chesley ,Richmond,Contra Costa County"
"303 Garrard Blvd.,Richmond,Contra Costa County"
"Point Isabel at 2755 Isabel Street,Richmond,Contra Costa County"
"860 Harbor Way South,Richmond,Contra Costa County"
"2775 Isabel St (Point Isabel Wet Weather Facility),Richmond,Contra Costa County"
"1300 Dunn Ave, 1300 Rheem Ave, 1300 Costa Ave,Richmond,Contra Costa County"
"5100 Ventura Ave,Richmond,Contra Costa County"
"488 WRIGHT AVE ,Richmond,Contra Costa County"
"RICHMOND LONG WHARF, BERTH 4,Richmond,Contra Costa County"
"Cutting Blvd crossing,Richmond,Contra Costa County"
"Cutting Blvd Crossing, Subdivision: UPRR Martinez, Milepost: 10.8, DOT Crossing number: 751678U,Richmond,Contra Costa County"
"2600 Spinnaker Way - Slips D-149 through D-173 at D - Dock, Marina Bay Yacht Harbor,Richmond,Contra Costa County"
"1340 Marina Way South, D Dock, Unknown Sheen,Richmond,Contra Costa County"
"23rd Street Yard, nearest road crossing the yard is Marina Bay Parkway, closest cross street is Meeker Avenue,Richmond,Contra Costa County"
"1500 Bissell Ave,Richmond,Contra Costa County"
"1st location is Intersection of San Pablo Avenue and Intestate 80 On-ramp, 2nd location is 4400 Wilson Avenue,Richmond,Contra Costa County"
"Point Isabell Facility,  2755 Isabell Street,Richmond,Contra Costa County"
"100 W Cutting Blvd,Richmond,Contra Costa County"
"1340 Marina Way South, Slip E171,Richmond,Contra Costa County"
"Curry Ave & Chanslor,Richmond,Contra Costa County"
"MP 14.1 of the Martinez sub near Brookside Rd.,Richmond,Contra Costa County"
"1100 Hensley Blvd.,Richmond,Contra Costa County"
"1340 Marina Way South - F183,Richmond,Contra Costa County"
"Richmond 11 Kinder Morgan Conoco Phillips Dock,Richmond,Contra Costa County"
"1800 Costa Ave,Richmond,Contra Costa County"
"1120 Brickyard Cove Rd, Unknown Sheen Incident,Richmond,Contra Costa County"
"Across street from 305 Cutting Blvd,Richmond,Contra Costa County"
"4400 Wilson Ave,Richmond,Contra Costa County"
"EB Interstate 80 at San Pablo Off-ramp,Richmond,Contra Costa County"
"1300 Dunn Ave,Richmond,Contra Costa County"
" Point Isabel Wet Weather Facility 2755 Isabel St,Richmond,Contra Costa County"
"100 West Cutting Blvd,Richmond,Contra Costa County"
"1300 Dunn Avenue,Richmond,Contra Costa County"
"EB I80 on ramp at San Pablo Ave ,Richmond,Contra Costa County"
"2824 Regatta Blvd,Richmond,Contra Costa County"
"860 Harbor Wy S,Richmond,Contra Costa County"
"Point Isabel- Wet Weather Facility 2755 Isabel St,Richmond,Contra Costa County"
"4400 Wilson Ave.,Richmond,Contra Costa County"
"1300 Dunn St.,Richmond,Contra Costa County"
"Intersection of Roosevelt Ave. and San Pablo Ave..,Richmond,Contra Costa County"
"2824 Regatta Blvd.,Richmond ,Contra Costa County"
"Intersection of 23rd St and Cutting Blvd.,Richmond,Contra Costa County"
"2000 Giaramita St,Richmond,Contra Costa County"
"Point Richmond - Intersection Western Drive and Cliffside Court,Richmond,Contra Costa County"
"Richmond #17,Richmond,Contra Costa County"
"Chevron Long Wharf,Richmond,Contra Costa County"
" Milepost 11.2 Martinez Sub,Richmond,Contra Costa County"
"12141 San Pablo,Richmond,Contra Costa County"
"Richmond Parkway crossing,Richmond,Contra Costa County"
"Richmond Slough,Richmond,Contra Costa County"
"Point Isabella Park,  Rydan Road,Richmond,Contra Costa County"
"Dornan Rd at Western Dr (Keller Beach),Richmond,Contra Costa County"
"6101 Santa Cruz,Richmond,Contra Costa County"
"3500 Bissell Ave,Richmond,Contra Costa County"
"841 Chevron Way - Richmond refinery,Richmond,Contra Costa County"
"731 Cutting Blvd,Richmond,Contra Costa County"
"Pt Potrero,Richmond,Contra Costa County"
"1313 Canal Way, Basin 3,Richmond,Contra Costa County"
"Richmond Lube Oil Plant,  Chevron Refinery, 841 Chevron Way,Richmond,Contra Costa County"
"MPM 27.7 on the Niles Sup  ,Richmond,Contra Costa County"
"Dock 17B 100 Cutter Blvd,Richmond,Contra Costa County"
"841 Chevron Way //Berth number 1,Richmond,Contra Costa County"
"UPS Sorting Facility,  1601 Atlas Road,Richmond,Contra Costa County"
"Intersection of Riverside Avenue and North Arlington Blvd,Richmond,Contra Costa County"
"731 West Cutting Blvd,Richmond,Contra Costa County"
"Gertrude Ave and McKosen Road,Richmond,Contra Costa County"
"MPM 1189,Richmond,Contra Costa County"
"3429 Cutting Blvd,Richmond,Contra Costa County"
"230 N. Cutting Ave.,Richmond,Contra Costa County"
"1 West Richmond Ave,Richmond,Contra Costa County"
"840 Morton Ave,Richmond,Contra Costa County"
"Chevron Richmond Refinery, 841 Chevron Way,Richmond,Contra Costa County"
"3701 Collins Ave,Richmond,Contra Costa County"
"1340 Marina Way South berth D-039,Richmond,Contra Costa County"
"1140 Cannel Ave,Richmond,Contra Costa County"
"223 25th Street,Richmond,Contra Costa County"
"Richmond Long Wharf (Chevron),Richmond,Contra Costa County"
"Harbor Way and Wright Ave,Richmond,Contra Costa County"
"West Cutting Blvd and Boatramp Street,Richmond,Contra Costa County"
"Point Isabel Wet Weather Treatment Facility, 2755 Isabel Street,Richmond,Contra Costa County"
"Nevin at San Pablo Ave,Richmond,Contra Costa County"
"10th St. at Dimm Ave,Richmond,Contra Costa County"
"Barrett Ave at 44th St.,Richmond,Contra Costa County"
"Harbor Blvd, Wright Ave,Richmond,Contra Costa County"
"Boat Ramp Road & Cutting Blvd,Richmond,Contra Costa County"
" Point Isabel Wet Weather Treatment Facility, 2755 Isabel Street,Richmond,Contra Costa County"
"Roosevelt Ave & San Pablo Ave, ,Richmond,Contra Costa County"
"San Pablo Ave @ I-80 Overpass (manhole #010186),Richmond,Contra Costa County"
"3200 Ragetta Blvd (Manhole #120155),Richmond,Contra Costa County"
"San Pablo Ave @ I-80 On- Ramp (Manhole # 010185),Richmond,Contra Costa County"
"Manhole #030266 @ 614 Wilson Ave,Richmond,Contra Costa County"
"2910 Hilltop Drive,Richmond,Contra Costa County"
"Harbor Way South and Wright Ave,Richmond,Contra Costa County"
"Boat Ramp Rd and Cutting Blvd,Richmond,Contra Costa County"
"3200 Regata Blvd  Man hole 120155,Richmond,Contra Costa County"
"321 Canal Blvd  Man hole 100020,Richmond,Contra Costa County"
"Nevin & San Pablo Ave , manhole 010300, 010297,Richmond,Contra Costa County"
"601 Canal Blvd ,Richmond,Contra Costa County"
"777 Humboldt Street,Richmond,Contra Costa County"
"601 Canal Blvd,Richmond,Contra Costa County"
"Intersection of 20th Street and Grant Avenue,Richmond,Contra Costa County"
"841 Chevron Way, Chevron Refinery,Richmond,Contra Costa County"
"1071 Parkside Drive,Richmond,Contra Costa County"
"3615 Park Ridge Drive,Richmond,Contra Costa County"
"Marina Channel Entrance,Richmond,Contra Costa County"
"Nevin at San Pablo,Richmond,Contra Costa County"
"San Pablo at Nevin Ave,Richmond,Contra Costa County"
"Santa Fe Channel,Richmond,Contra Costa County"
"1140 Canal Blvd, Kinder Morgan Richmond Terminal - Bulk Storage Liquid Terminal,Richmond,Contra Costa County"
"Richmond Long Wharf, Berth 4,Richmond,Contra Costa County"
"Marina Way by the Salute Restaurant.  East from Harbor Master's Office,Richmond,Contra Costa County"
"1240 Harbor Way E Dock 263,Richmond,Contra Costa County"
"Chevron Refinery, 841 Chevron Way,Richmond,Contra Costa County"
"I.M.T.T. dock,Richmond,Contra Costa County"
"250' north of El Portel Drive on Via Verde,Richmond,Contra Costa County"
"Amtrak train depot and Cutting Blvd between mile marker  11.2 and 10.85,Richmond,Contra Costa County"
"Via Verde with a cross street of El Portal,Richmond,Contra Costa County"
"2437 McBride,Richmond,Contra Costa County"
"1340 MARINA WAY SOUTH, MARINA BAY YACHT HARBOR AT THE F DOCK,Richmond,Contra Costa County"
"FORD ASSEMBLY BUILDING. 1340 MARINA WAY SOUTH ,Richmond,Contra Costa County"
"4100 Jenkins Way,Richmond,Contra Costa County"
"800 WHARF ST. ,Richmond,Contra Costa County"
"1070 N Rancho Rd,Richmond,Contra Costa County"
"Unknown Sheen Incident ""D"" Dock/ Slips 151-157, 1340 Marina Way South,Richmond,Contra Costa County"
"Pier 2, 1316 Canal Blvd,Richmond,Contra Costa County"
"1340 Marina Way South, Slip F259,Richmond,Contra Costa County"
"2400 Roosevelt Ave,Richmond,Contra Costa County"
"353 24th Street,Richmond,Contra Costa County"
"Lat  37 54.10N,  Long  122 24.47W,Richmond,Contra Costa County"
"861 Whars St,Richmond,Contra Costa County"
"In the Chevron Refinery on Channel Street,Richmond,Contra Costa County"
"4677 Upland Drive, El Sobrante,Richmond,Contra Costa County"
"Market Ave at 4th St,Richmond,Contra Costa County"
"South 19th at Neker Ave,Richmond,Contra Costa County"
"841 Chevron Way, Richmond Terminal,Richmond,Contra Costa County"
"NB 580 just South of Richmond Bridge,Richmond,Contra Costa County"
"Richmond Parkway and Hilltop Drive,Richmond,Contra Costa County"
"Richmond Parkway and Hilltop Dr,Richmond,Contra Costa County"
"Dock 17, 100 Cutting Blvd. ,Richmond,Contra Costa County"
"Intersection of 24th Street and Rheem Avenue,Richmond,Contra Costa County"
"Valero Marina Barbor Way,Richmond,Contra Costa County"
"1306 Channel Blvd,Richmond,Contra Costa County"
"1340 Marina Way South Slip D-141A, D-Dock ,Richmond,Contra Costa County"
"860 harbour Way South,Richmond,Contra Costa County"
"2755 Isaabel St (Isabel Facility),Richmond,Contra Costa County"
"3410 Barrett Ave. ,Richmond,Contra Costa County"
